"Date";"RUR";"1W";"2W";"1M";"2M";"3M";"6M";
"10-12-2021";"7,69";"7,82";"7,98";"8,63";"8,94";"9,16";"9,27";
"09-12-2021";"7,72";"7,83";"8,00";"8,55";"8,91";"9,16";"9,27";
"08-12-2021";"7,68";"7,83";"7,98";"8,53";"8,88";"9,14";"9,27";
"07-12-2021";"7,51";"7,72";"7,91";"8,52";"8,86";"9,13";"9,24";
"06-12-2021";"7,59";"7,71";"7,88";"8,53";"8,81";"9,09";"9,22";
"03-12-2021";"7,47";"7,68";"7,83";"8,47";"8,77";"9,05";"9,19";
"02-12-2021";"7,33";"7,66";"7,80";"8,34";"8,73";"9,04";"9,18";
"01-12-2021";"7,58";"7,72";"7,85";"8,24";"8,64";"9,01";"9,13";
"30-11-2021";"7,65";"7,78";"7,88";"8,15";"8,56";"8,93";"9,05";
"29-11-2021";"7,64";"7,80";"7,87";"8,08";"8,51";"8,78";"8,91";
"26-11-2021";"7,65";"7,80";"7,86";"8,08";"8,48";"8,77";"8,89";
"25-11-2021";"7,67";"7,80";"7,86";"8,05";"8,38";"8,68";"8,82";
"24-11-2021";"7,60";"7,79";"7,85";"8,03";"8,32";"8,58";"8,75";
"23-11-2021";"7,58";"7,80";"7,85";"8,03";"8,30";"8,57";"8,73";
"22-11-2021";"7,62";"7,78";"7,83";"7,99";"8,24";"8,51";"8,65";
"19-11-2021";"7,61";"7,75";"7,80";"7,99";"8,25";"8,52";"8,66";
"18-11-2021";"7,65";"7,76";"7,80";"8,00";"8,26";"8,52";"8,67";
"17-11-2021";"7,62";"7,72";"7,78";"7,99";"8,24";"8,48";"8,63";
"16-11-2021";"7,63";"7,69";"7,77";"8,00";"8,23";"8,49";"8,68";
"15-11-2021";"7,58";"7,68";"7,77";"7,99";"8,22";"8,48";"8,63";
"12-11-2021";"7,56";"7,68";"7,76";"7,99";"8,23";"8,48";"8,64";
"11-11-2021";"7,57";"7,69";"7,76";"8,00";"8,24";"8,48";"8,66";
"10-11-2021";"7,57";"7,73";"7,79";"8,00";"8,23";"8,49";"8,68";
"09-11-2021";"7,51";"7,75";"7,81";"8,00";"8,22";"8,47";"8,67";
"08-11-2021";"7,57";"7,72";"7,79";"8,01";"8,21";"8,46";"8,63";
"03-11-2021";"7,41";"7,69";"7,78";"8,02";"8,22";"8,48";"8,68";
"02-11-2021";"7,23";"7,68";"7,76";"8,01";"8,22";"8,48";"8,68";
"01-11-2021";"7,45";"7,70";"7,78";"8,01";"8,21";"8,48";"8,65";
"29-10-2021";"7,60";"7,73";"7,79";"8,01";"8,19";"8,47";"8,61";
"28-10-2021";"7,59";"7,73";"7,79";"8,00";"8,19";"8,47";"8,61";
"27-10-2021";"7,58";"7,73";"7,79";"8,01";"8,19";"8,46";"8,63";
"26-10-2021";"7,64";"7,76";"7,80";"8,01";"8,19";"8,44";"8,63";
"25-10-2021";"7,62";"7,71";"7,73";"7,93";"8,09";"8,33";"8,54";
"22-10-2021";"7,20";"7,28";"7,32";"7,48";"7,68";"7,88";"7,96";
"21-10-2021";"7,17";"7,25";"7,28";"7,46";"7,63";"7,83";"7,88";
"20-10-2021";"7,14";"7,20";"7,23";"7,43";"7,63";"7,81";"7,86";
"19-10-2021";"7,12";"7,17";"7,21";"7,40";"7,64";"7,80";"7,86";
"18-10-2021";"7,14";"7,18";"7,22";"7,40";"7,64";"7,78";"7,84";
"15-10-2021";"7,06";"7,13";"7,21";"7,39";"7,64";"7,78";"7,83";
"14-10-2021";"6,93";"7,05";"7,17";"7,38";"7,63";"7,77";"7,82";
"13-10-2021";"6,88";"6,98";"7,13";"7,33";"7,58";"7,73";"7,77";
"12-10-2021";"6,81";"6,98";"7,11";"7,32";"7,57";"7,70";"7,74";
"11-10-2021";"6,80";"6,96";"7,12";"7,31";"7,54";"7,67";"7,71";
"08-10-2021";"6,73";"6,93";"7,08";"7,30";"7,54";"7,65";"7,70";
"07-10-2021";"6,76";"6,93";"7,09";"7,29";"7,52";"7,63";"7,68";
"06-10-2021";"6,77";"6,95";"7,09";"7,24";"7,44";"7,55";"7,58";
"05-10-2021";"6,85";"7,00";"7,10";"7,24";"7,44";"7,56";"7,60";
"04-10-2021";"6,95";"7,02";"7,12";"7,26";"7,44";"7,55";"7,59";
"01-10-2021";"6,94";"7,03";"7,14";"7,28";"7,43";"7,57";"7,60";
"30-09-2021";"7,00";"7,05";"7,15";"7,28";"7,39";"7,55";"7,58";
"29-09-2021";"7,02";"7,06";"7,15";"7,27";"7,37";"7,51";"7,58";
"28-09-2021";"7,02";"7,06";"7,13";"7,25";"7,33";"7,48";"7,58";
"27-09-2021";"6,97";"7,05";"7,12";"7,23";"7,32";"7,47";"7,58";
"24-09-2021";"6,93";"7,03";"7,09";"7,23";"7,32";"7,47";"7,58";
"23-09-2021";"6,95";"7,05";"7,12";"7,23";"7,32";"7,47";"7,59";
"22-09-2021";"6,95";"7,03";"7,11";"7,23";"7,33";"7,46";"7,58";
"21-09-2021";"6,96";"7,02";"7,12";"7,24";"7,34";"7,45";"7,56";
"20-09-2021";"6,97";"7,03";"7,12";"7,21";"7,33";"7,45";"7,57";
"17-09-2021";"6,96";"7,03";"7,12";"7,21";"7,32";"7,45";"7,57";
"16-09-2021";"6,96";"7,03";"7,12";"7,19";"7,30";"7,46";"7,56";
"15-09-2021";"6,98";"7,05";"7,13";"7,20";"7,30";"7,46";"7,56";
"14-09-2021";"6,97";"7,08";"7,16";"7,22";"7,32";"7,46";"7,56";
"13-09-2021";"7,00";"7,13";"7,18";"7,22";"7,32";"7,47";"7,53";
"10-09-2021";"6,94";"7,03";"7,06";"7,16";"7,28";"7,43";"7,47";
"09-09-2021";"6,79";"6,86";"6,91";"7,04";"7,18";"7,35";"7,42";
"08-09-2021";"6,70";"6,82";"6,87";"7,00";"7,15";"7,31";"7,38";
"07-09-2021";"6,63";"6,74";"6,81";"6,92";"7,08";"7,28";"7,35";
"06-09-2021";"6,56";"6,69";"6,80";"6,91";"7,07";"7,27";"7,33";
"03-09-2021";"6,49";"6,65";"6,79";"6,87";"7,03";"7,26";"7,33";
"02-09-2021";"6,43";"6,67";"6,81";"6,88";"7,03";"7,23";"7,32";
"01-09-2021";"6,57";"6,73";"6,82";"6,88";"7,03";"7,23";"7,32";
"31-08-2021";"6,70";"6,76";"6,82";"6,88";"7,03";"7,23";"7,32";
"30-08-2021";"6,70";"6,76";"6,82";"6,88";"7,04";"7,23";"7,32";
"27-08-2021";"6,69";"6,76";"6,79";"6,88";"7,04";"7,23";"7,32";
"26-08-2021";"6,68";"6,74";"6,79";"6,88";"7,03";"7,23";"7,32";
"25-08-2021";"6,68";"6,74";"6,79";"6,86";"7,03";"7,23";"7,32";
"24-08-2021";"6,68";"6,74";"6,79";"6,86";"7,03";"7,23";"7,32";
"23-08-2021";"6,68";"6,74";"6,79";"6,86";"7,03";"7,23";"7,32";
"20-08-2021";"6,67";"6,73";"6,79";"6,86";"7,03";"7,23";"7,33";
"19-08-2021";"6,69";"6,75";"6,78";"6,86";"7,03";"7,23";"7,33";
"18-08-2021";"6,70";"6,76";"6,77";"6,87";"7,03";"7,23";"7,32";
"17-08-2021";"6,72";"6,74";"6,74";"6,88";"7,02";"7,20";"7,30";
"16-08-2021";"6,54";"6,63";"6,68";"6,86";"7,01";"7,21";"7,30";
"13-08-2021";"6,53";"6,64";"6,67";"6,86";"7,01";"7,21";"7,30";
"12-08-2021";"6,48";"6,62";"6,68";"6,87";"7,01";"7,20";"7,29";
"11-08-2021";"6,49";"6,62";"6,72";"6,88";"7,02";"7,19";"7,28";
"10-08-2021";"6,48";"6,64";"6,73";"6,86";"7,01";"7,21";"7,30";
"09-08-2021";"6,41";"6,62";"6,71";"6,87";"7,01";"7,21";"7,30";
"06-08-2021";"6,32";"6,58";"6,72";"6,88";"7,01";"7,21";"7,30";
"05-08-2021";"6,08";"6,51";"6,72";"6,88";"7,01";"7,21";"7,30";
"04-08-2021";"6,11";"6,59";"6,73";"6,88";"7,01";"7,20";"7,30";
"03-08-2021";"6,17";"6,63";"6,75";"6,88";"7,01";"7,20";"7,30";
"02-08-2021";"6,59";"6,78";"6,88";"6,93";"7,03";"7,20";"7,31";
"30-07-2021";"7,02";"7,00";"6,98";"6,98";"7,04";"7,20";"7,31";
"29-07-2021";"7,19";"7,15";"6,91";"6,93";"7,03";"7,19";"7,31";
"28-07-2021";"6,53";"6,63";"6,71";"6,77";"6,93";"7,14";"7,29";
"27-07-2021";"6,43";"6,58";"6,64";"6,75";"6,93";"7,16";"7,30";
"26-07-2021";"6,40";"6,54";"6,63";"6,72";"6,91";"7,13";"7,24";
"23-07-2021";"5,97";"6,13";"6,24";"6,33";"6,54";"6,82";"6,90";
"22-07-2021";"6,00";"6,13";"6,23";"6,31";"6,52";"6,82";"6,90";
"21-07-2021";"6,06";"6,16";"6,23";"6,32";"6,51";"6,82";"6,90";
"20-07-2021";"6,00";"6,11";"6,19";"6,29";"6,48";"6,81";"6,88";
"19-07-2021";"5,94";"6,04";"6,14";"6,21";"6,45";"6,76";"6,83";
"16-07-2021";"5,91";"5,99";"6,03";"6,18";"6,42";"6,78";"6,86";
"15-07-2021";"5,89";"5,98";"6,01";"6,17";"6,40";"6,74";"6,84";
"14-07-2021";"5,86";"5,96";"6,00";"6,18";"6,41";"6,76";"6,87";
"13-07-2021";"5,85";"5,93";"5,96";"6,15";"6,39";"6,73";"6,83";
"12-07-2021";"5,80";"5,83";"5,89";"6,08";"6,36";"6,68";"6,78";
"09-07-2021";"5,70";"5,75";"5,82";"5,99";"6,31";"6,65";"6,73";
"08-07-2021";"5,62";"5,71";"5,77";"5,88";"6,21";"6,56";"6,65";
"07-07-2021";"5,59";"5,69";"5,76";"5,88";"6,20";"6,54";"6,61";
"06-07-2021";"5,53";"5,63";"5,73";"5,85";"6,17";"6,51";"6,59";
"05-07-2021";"5,51";"5,63";"5,73";"5,84";"6,14";"6,44";"6,56";
"02-07-2021";"5,48";"5,63";"5,71";"5,84";"6,17";"6,49";"6,60";
"01-07-2021";"5,43";"5,63";"5,73";"5,83";"6,17";"6,48";"6,59";
"30-06-2021";"5,63";"5,70";"5,75";"5,80";"6,15";"6,42";"6,55";
"29-06-2021";"5,58";"5,70";"5,73";"5,78";"6,12";"6,41";"6,55";
"28-06-2021";"5,58";"5,68";"5,71";"5,78";"6,12";"6,38";"6,55";
"25-06-2021";"5,54";"5,68";"5,72";"5,77";"6,13";"6,38";"6,55";
"24-06-2021";"5,47";"5,67";"5,73";"5,80";"6,13";"6,38";"6,55";
"23-06-2021";"5,48";"5,67";"5,73";"5,78";"6,13";"6,38";"6,55";
"22-06-2021";"5,55";"5,69";"5,74";"5,81";"6,13";"6,38";"6,55";
"21-06-2021";"5,60";"5,69";"5,74";"5,81";"6,13";"6,38";"6,56";
"18-06-2021";"5,57";"5,69";"5,73";"5,81";"6,12";"6,37";"6,57";
"17-06-2021";"5,63";"5,69";"5,74";"5,80";"6,07";"6,29";"6,52";
"16-06-2021";"5,58";"5,68";"5,71";"5,79";"6,03";"6,23";"6,47";
"15-06-2021";"5,56";"5,63";"5,68";"5,78";"6,02";"6,21";"6,45";
"11-06-2021";"5,36";"5,45";"5,54";"5,72";"5,96";"6,18";"6,39";
"10-06-2021";"5,21";"5,28";"5,39";"5,65";"5,91";"6,14";"6,31";
"09-06-2021";"5,15";"5,20";"5,32";"5,58";"5,85";"6,07";"6,24";
"08-06-2021";"4,89";"5,11";"5,26";"5,48";"5,68";"6,01";"6,17";
"07-06-2021";"4,90";"5,10";"5,24";"5,42";"5,63";"5,97";"6,13";
"04-06-2021";"4,98";"5,13";"5,26";"5,41";"5,62";"5,94";"6,10";
"03-06-2021";"4,99";"5,16";"5,27";"5,39";"5,61";"5,88";"6,08";
"02-06-2021";"5,02";"5,18";"5,27";"5,38";"5,59";"5,87";"6,08";
"01-06-2021";"5,07";"5,18";"5,24";"5,38";"5,56";"5,78";"5,98";
"31-05-2021";"5,12";"5,17";"5,23";"5,34";"5,53";"5,75";"5,87";
"28-05-2021";"5,12";"5,15";"5,23";"5,33";"5,53";"5,75";"5,83";
"27-05-2021";"5,10";"5,13";"5,23";"5,31";"5,52";"5,75";"5,83";
"26-05-2021";"5,08";"5,12";"5,23";"5,31";"5,52";"5,75";"5,83";
"25-05-2021";"5,03";"5,12";"5,23";"5,31";"5,52";"5,75";"5,83";
"24-05-2021";"4,98";"5,12";"5,23";"5,28";"5,51";"5,73";"5,83";
"21-05-2021";"5,05";"5,13";"5,22";"5,27";"5,51";"5,72";"5,83";
"20-05-2021";"5,06";"5,14";"5,22";"5,27";"5,51";"5,72";"5,82";
"19-05-2021";"5,08";"5,18";"5,20";"5,26";"5,51";"5,71";"5,80";
"18-05-2021";"5,13";"5,18";"5,20";"5,27";"5,50";"5,70";"5,81";
"17-05-2021";"5,11";"5,15";"5,20";"5,28";"5,50";"5,70";"5,80";
"14-05-2021";"5,09";"5,11";"5,18";"5,25";"5,50";"5,69";"5,80";
"13-05-2021";"4,94";"5,02";"5,11";"5,23";"5,50";"5,69";"5,80";
"12-05-2021";"4,86";"5,00";"5,09";"5,23";"5,50";"5,69";"5,80";
"11-05-2021";"4,67";"4,93";"5,09";"5,22";"5,50";"5,69";"5,80";
"07-05-2021";"4,44";"4,82";"5,07";"5,23";"5,50";"5,69";"5,80";
"06-05-2021";"4,61";"4,93";"5,10";"5,24";"5,50";"5,69";"5,80";
"05-05-2021";"4,87";"5,10";"5,17";"5,26";"5,49";"5,70";"5,81";
"04-05-2021";"4,93";"5,17";"5,22";"5,28";"5,49";"5,71";"5,81";
"30-04-2021";"5,08";"5,18";"5,23";"5,31";"5,50";"5,70";"5,81";
"29-04-2021";"5,11";"5,19";"5,24";"5,33";"5,51";"5,71";"5,82";
"28-04-2021";"5,03";"5,15";"5,23";"5,35";"5,52";"5,71";"5,85";
"27-04-2021";"4,95";"5,13";"5,19";"5,35";"5,52";"5,68";"5,83";
"26-04-2021";"4,98";"5,01";"5,08";"5,28";"5,44";"5,65";"5,78";
"23-04-2021";"4,60";"4,69";"4,79";"4,99";"5,16";"5,38";"5,47";
"22-04-2021";"4,57";"4,73";"4,83";"5,00";"5,16";"5,38";"5,46";
"21-04-2021";"4,58";"4,71";"4,81";"5,00";"5,15";"5,35";"5,43";
"20-04-2021";"4,58";"4,67";"4,78";"5,01";"5,14";"5,35";"5,43";
"19-04-2021";"4,62";"4,63";"4,74";"4,99";"5,16";"5,38";"5,48";
"16-04-2021";"4,60";"4,63";"4,72";"4,98";"5,13";"5,34";"5,47";
"15-04-2021";"4,62";"4,66";"4,72";"4,97";"5,14";"5,34";"5,48";
"14-04-2021";"4,66";"4,68";"4,73";"4,93";"5,13";"5,32";"5,42";
"13-04-2021";"4,67";"4,69";"4,74";"4,92";"5,16";"5,33";"5,42";
"12-04-2021";"4,64";"4,68";"4,73";"4,91";"5,14";"5,32";"5,41";
"09-04-2021";"4,60";"4,64";"4,70";"4,88";"5,13";"5,34";"5,43";
"08-04-2021";"4,56";"4,64";"4,70";"4,87";"5,13";"5,33";"5,41";
"07-04-2021";"4,54";"4,63";"4,70";"4,87";"5,13";"5,33";"5,42";
"06-04-2021";"4,50";"4,64";"4,71";"4,88";"5,11";"5,33";"5,42";
"05-04-2021";"4,55";"4,66";"4,73";"4,92";"5,13";"5,33";"5,42";
"02-04-2021";"4,56";"4,66";"4,74";"4,92";"5,13";"5,34";"5,43";
"01-04-2021";"4,62";"4,67";"4,74";"4,92";"5,13";"5,34";"5,43";
"31-03-2021";"4,63";"4,68";"4,74";"4,91";"5,12";"5,33";"5,43";
"30-03-2021";"4,63";"4,70";"4,77";"4,90";"5,11";"5,32";"5,42";
"29-03-2021";"4,65";"4,69";"4,76";"4,90";"5,10";"5,28";"5,38";
"26-03-2021";"4,68";"4,71";"4,76";"4,90";"5,09";"5,23";"5,35";
"25-03-2021";"4,64";"4,70";"4,75";"4,87";"5,05";"5,18";"5,29";
"24-03-2021";"4,56";"4,67";"4,73";"4,85";"5,02";"5,16";"5,23";
"23-03-2021";"4,56";"4,67";"4,74";"4,86";"4,98";"5,11";"5,19";
"22-03-2021";"4,49";"4,58";"4,69";"4,82";"4,93";"5,05";"5,12";
"19-03-2021";"4,28";"4,41";"4,53";"4,73";"4,84";"4,93";"5,03";
"18-03-2021";"4,29";"4,41";"4,53";"4,72";"4,83";"4,93";"5,04";
"17-03-2021";"4,30";"4,40";"4,50";"4,70";"4,80";"4,89";"5,00";
"16-03-2021";"4,31";"4,41";"4,48";"4,69";"4,77";"4,83";"4,93";
"15-03-2021";"4,32";"4,39";"4,44";"4,68";"4,75";"4,83";"4,93";
"12-03-2021";"4,32";"4,39";"4,45";"4,68";"4,75";"4,83";"4,92";
"11-03-2021";"4,31";"4,38";"4,44";"4,67";"4,75";"4,84";"4,93";
"10-03-2021";"4,31";"4,38";"4,44";"4,68";"4,76";"4,84";"4,93";
"09-03-2021";"4,28";"4,41";"4,48";"4,68";"4,75";"4,83";"4,91";
"05-03-2021";"4,23";"4,39";"4,44";"4,67";"4,77";"4,83";"4,93";
"04-03-2021";"4,33";"4,42";"4,45";"4,67";"4,76";"4,83";"4,91";
"03-03-2021";"4,33";"4,43";"4,48";"4,68";"4,77";"4,84";"4,93";
"02-03-2021";"4,33";"4,45";"4,51";"4,68";"4,77";"4,84";"4,93";
"01-03-2021";"4,31";"4,50";"4,53";"4,68";"4,77";"4,84";"4,93";
"26-02-2021";"4,39";"4,47";"4,53";"4,69";"4,78";"4,84";"4,95";
"25-02-2021";"4,27";"4,37";"4,46";"4,65";"4,75";"4,83";"4,93";
"24-02-2021";"4,24";"4,36";"4,45";"4,65";"4,75";"4,83";"4,91";
"20-02-2021";"4,22";"4,34";"4,46";"4,65";"4,74";"4,82";"4,89";
"19-02-2021";"4,24";"4,36";"4,46";"4,65";"4,74";"4,81";"4,88";
"18-02-2021";"4,25";"4,37";"4,46";"4,65";"4,74";"4,82";"4,88";
"17-02-2021";"4,23";"4,38";"4,43";"4,65";"4,74";"4,81";"4,90";
"16-02-2021";"4,23";"4,38";"4,43";"4,65";"4,75";"4,83";"4,93";
"15-02-2021";"4,18";"4,37";"4,43";"4,65";"4,75";"4,83";"4,93";
"12-02-2021";"4,21";"4,36";"4,42";"4,65";"4,75";"4,83";"4,93";
"11-02-2021";"4,26";"4,39";"4,45";"4,65";"4,78";"4,86";"4,93";
"10-02-2021";"4,34";"4,45";"4,53";"4,67";"4,79";"4,89";"4,93";
"09-02-2021";"4,04";"4,39";"4,54";"4,71";"4,79";"4,89";"4,93";
"08-02-2021";"3,76";"4,38";"4,53";"4,70";"4,79";"4,89";"4,93";
"05-02-2021";"4,23";"4,44";"4,58";"4,71";"4,79";"4,89";"4,93";
"04-02-2021";"4,32";"4,48";"4,61";"4,73";"4,79";"4,90";"4,93";
"03-02-2021";"4,37";"4,53";"4,62";"4,73";"4,80";"4,89";"4,93";
"02-02-2021";"4,45";"4,57";"4,63";"4,73";"4,81";"4,89";"4,91";
"01-02-2021";"4,58";"4,64";"4,68";"4,76";"4,79";"4,88";"4,90";
"29-01-2021";"4,65";"4,66";"4,68";"4,74";"4,78";"4,89";"4,91";
"28-01-2021";"4,52";"4,60";"4,63";"4,71";"4,78";"4,88";"4,91";
"27-01-2021";"4,53";"4,61";"4,63";"4,70";"4,77";"4,88";"4,91";
"26-01-2021";"4,57";"4,61";"4,63";"4,71";"4,77";"4,88";"4,92";
"25-01-2021";"4,56";"4,58";"4,60";"4,68";"4,77";"4,88";"4,91";
"22-01-2021";"4,54";"4,59";"4,60";"4,68";"4,78";"4,89";"4,88";
"21-01-2021";"4,56";"4,60";"4,61";"4,68";"4,78";"4,89";"4,88";
"20-01-2021";"4,57";"4,59";"4,61";"4,68";"4,78";"4,89";"4,88";
"19-01-2021";"4,56";"4,58";"4,61";"4,69";"4,78";"4,90";"4,88";
"18-01-2021";"4,53";"4,56";"4,60";"4,69";"4,78";"4,90";"4,88";
"15-01-2021";"4,53";"4,55";"4,61";"4,69";"4,78";"4,89";"4,88";
"14-01-2021";"4,52";"4,55";"4,61";"4,68";"4,77";"4,88";"4,88";
"13-01-2021";"4,50";"4,56";"4,61";"4,68";"4,77";"4,88";"4,88";
"12-01-2021";"4,52";"4,58";"4,63";"4,70";"4,78";"4,89";"4,88";
"11-01-2021";"4,59";"4,64";"4,67";"4,73";"4,78";"4,90";"4,89";
"31-12-2020";"--";"4,70";"4,72";"4,74";"4,82";"4,92";"4,91";
"30-12-2020";"4,55";"4,57";"4,61";"4,72";"4,78";"4,90";"4,90";
"29-12-2020";"4,50";"4,52";"4,54";"4,70";"4,78";"4,88";"4,88";
"28-12-2020";"4,49";"4,53";"4,56";"4,71";"4,77";"4,89";"4,89";
"25-12-2020";"4,48";"4,53";"4,58";"4,72";"4,78";"4,93";"4,91";
"24-12-2020";"4,49";"4,54";"4,60";"4,73";"4,78";"4,92";"4,89";
"23-12-2020";"4,50";"4,53";"4,61";"4,74";"4,78";"4,93";"4,91";
"22-12-2020";"4,51";"4,56";"4,63";"4,73";"4,78";"4,94";"4,92";
"21-12-2020";"4,50";"4,53";"4,60";"4,72";"4,78";"4,92";"4,90";
"18-12-2020";"4,52";"4,51";"4,58";"4,70";"4,78";"4,93";"4,87";
"17-12-2020";"4,52";"4,51";"4,59";"4,68";"4,76";"4,91";"4,87";
"16-12-2020";"4,50";"4,50";"4,57";"4,68";"4,76";"4,90";"4,88";
"15-12-2020";"4,43";"4,44";"4,52";"4,68";"4,75";"4,88";"4,87";
"14-12-2020";"4,43";"4,44";"4,52";"4,69";"4,76";"4,89";"4,89";
"11-12-2020";"4,43";"4,44";"4,51";"4,72";"4,78";"4,93";"4,93";
"10-12-2020";"4,41";"4,45";"4,50";"4,73";"4,78";"4,92";"4,90";
"09-12-2020";"4,37";"4,43";"4,50";"4,74";"4,80";"4,97";"4,90";
"08-12-2020";"4,24";"4,43";"4,50";"4,74";"4,80";"4,97";"4,90";
"07-12-2020";"4,14";"4,44";"4,50";"4,74";"4,80";"4,97";"4,90";
"04-12-2020";"4,35";"4,46";"4,51";"4,74";"4,80";"4,97";"4,89";
"03-12-2020";"4,38";"4,48";"4,51";"4,73";"4,81";"4,96";"4,88";
"02-12-2020";"4,42";"4,50";"4,52";"4,73";"4,82";"4,96";"4,88";
"01-12-2020";"4,43";"4,50";"4,52";"4,70";"4,82";"4,95";"4,89";
"30-11-2020";"4,43";"4,49";"4,53";"4,68";"4,81";"4,95";"4,89";
"27-11-2020";"4,43";"4,48";"4,54";"4,63";"4,77";"4,93";"4,88";
"26-11-2020";"4,41";"4,48";"4,53";"4,60";"4,74";"4,90";"4,88";
"25-11-2020";"4,42";"4,48";"4,53";"4,58";"4,69";"4,82";"4,83";
"24-11-2020";"4,42";"4,48";"4,53";"4,56";"4,63";"4,73";"4,78";
"23-11-2020";"4,43";"4,48";"4,53";"4,56";"4,63";"4,70";"4,75";
"20-11-2020";"4,39";"4,48";"4,53";"4,56";"4,64";"4,73";"4,78";
"19-11-2020";"4,43";"4,49";"4,53";"4,57";"4,65";"4,74";"4,78";
"18-11-2020";"4,43";"4,48";"4,50";"4,57";"4,65";"4,74";"4,78";
"17-11-2020";"4,45";"4,49";"4,51";"4,58";"4,63";"4,73";"4,77";
"16-11-2020";"4,44";"4,48";"4,51";"4,54";"4,62";"4,70";"4,76";
"13-11-2020";"4,45";"4,49";"4,51";"4,54";"4,61";"4,68";"4,76";
"12-11-2020";"4,40";"4,48";"4,50";"4,54";"4,62";"4,67";"4,74";
"11-11-2020";"4,38";"4,47";"4,50";"4,54";"4,62";"4,69";"4,74";
"10-11-2020";"4,21";"4,43";"4,52";"4,55";"4,62";"4,70";"4,75";
"09-11-2020";"4,20";"4,43";"4,53";"4,57";"4,63";"4,71";"4,76";
"06-11-2020";"4,46";"4,51";"4,53";"4,54";"4,60";"4,69";"4,73";
"05-11-2020";"4,48";"4,53";"4,53";"4,54";"4,60";"4,69";"4,72";
"03-11-2020";"4,49";"4,53";"4,53";"4,54";"4,61";"4,71";"4,72";
"02-11-2020";"4,50";"4,53";"4,53";"4,56";"4,61";"4,70";"4,71";
"30-10-2020";"4,49";"4,53";"4,53";"4,56";"4,59";"4,65";"4,67";
"29-10-2020";"4,49";"4,53";"4,53";"4,56";"4,59";"4,65";"4,67";
"28-10-2020";"4,50";"4,53";"4,54";"4,56";"4,59";"4,65";"4,68";
"27-10-2020";"4,50";"4,53";"4,53";"4,56";"4,60";"4,67";"4,68";
"26-10-2020";"4,51";"4,53";"4,54";"4,56";"4,59";"4,65";"4,67";
"23-10-2020";"4,49";"4,52";"4,54";"4,56";"4,59";"4,65";"4,66";
"22-10-2020";"4,51";"4,53";"4,53";"4,56";"4,58";"4,65";"4,67";
"21-10-2020";"4,50";"4,52";"4,52";"4,54";"4,56";"4,65";"4,68";
"20-10-2020";"4,49";"4,51";"4,52";"4,54";"4,56";"4,65";"4,68";
"19-10-2020";"4,49";"4,51";"4,52";"4,54";"4,56";"4,65";"4,68";
"16-10-2020";"4,48";"4,51";"4,52";"4,54";"4,56";"4,65";"4,68";
"15-10-2020";"4,47";"4,48";"4,51";"4,54";"4,56";"4,65";"4,69";
"14-10-2020";"4,44";"4,49";"4,51";"4,55";"4,56";"4,65";"4,70";
"13-10-2020";"4,45";"4,49";"4,50";"4,54";"4,56";"4,64";"4,68";
"12-10-2020";"4,44";"4,49";"4,49";"4,54";"4,57";"4,64";"4,67";
"09-10-2020";"4,45";"4,48";"4,49";"4,53";"4,57";"4,64";"4,68";
"08-10-2020";"4,44";"4,48";"4,49";"4,53";"4,56";"4,64";"4,68";
"07-10-2020";"4,39";"4,45";"4,48";"4,52";"4,55";"4,64";"4,67";
"06-10-2020";"4,31";"4,43";"4,48";"4,50";"4,54";"4,63";"4,65";
"05-10-2020";"4,35";"4,42";"4,47";"4,50";"4,54";"4,63";"4,65";
"02-10-2020";"4,10";"4,40";"4,47";"4,50";"4,54";"4,63";"4,65";
"01-10-2020";"4,38";"4,44";"4,48";"4,50";"4,54";"4,63";"4,65";
"30-09-2020";"4,48";"4,49";"4,49";"4,50";"4,55";"4,64";"4,65";
"29-09-2020";"4,49";"4,49";"4,48";"4,50";"4,55";"4,63";"4,67";
"28-09-2020";"4,48";"4,49";"4,48";"4,50";"4,55";"4,63";"4,67";
"25-09-2020";"4,41";"4,48";"4,48";"4,50";"4,55";"4,63";"4,67";
"24-09-2020";"4,39";"4,47";"4,49";"4,50";"4,55";"4,63";"4,66";
"23-09-2020";"4,43";"4,47";"4,48";"4,50";"4,55";"4,63";"4,66";
"22-09-2020";"4,43";"4,47";"4,47";"4,50";"4,54";"4,62";"4,63";
"21-09-2020";"4,41";"4,44";"4,44";"4,49";"4,52";"4,58";"4,60";
"18-09-2020";"4,40";"4,45";"4,46";"4,50";"4,55";"4,63";"4,66";
"17-09-2020";"4,42";"4,46";"4,46";"4,50";"4,55";"4,63";"4,66";
"16-09-2020";"4,41";"4,46";"4,46";"4,50";"4,55";"4,63";"4,66";
"15-09-2020";"4,37";"4,45";"4,45";"4,50";"4,55";"4,63";"4,66";
"14-09-2020";"4,36";"4,44";"4,44";"4,49";"4,55";"4,63";"4,66";
"11-09-2020";"4,36";"4,45";"4,46";"4,50";"4,56";"4,65";"4,67";
"10-09-2020";"4,36";"4,45";"4,45";"4,52";"4,57";"4,66";"4,68";
"09-09-2020";"4,38";"4,43";"4,44";"4,55";"4,59";"4,68";"4,70";
"08-09-2020";"4,28";"4,41";"4,47";"4,60";"4,64";"4,72";"4,75";
"07-09-2020";"4,34";"4,41";"4,43";"4,52";"4,57";"4,65";"4,66";
"04-09-2020";"4,31";"4,43";"4,45";"4,52";"4,57";"4,65";"4,66";
"03-09-2020";"4,30";"4,43";"4,45";"4,52";"4,57";"4,65";"4,66";
"02-09-2020";"4,29";"4,40";"4,44";"4,53";"4,57";"4,66";"4,67";
"01-09-2020";"4,33";"4,43";"4,45";"4,54";"4,55";"4,64";"4,66";
"31-08-2020";"4,36";"4,43";"4,45";"4,54";"4,55";"4,64";"4,66";
"28-08-2020";"4,38";"4,43";"4,45";"4,52";"4,56";"4,65";"4,69";
"27-08-2020";"4,40";"4,43";"4,45";"4,50";"4,56";"4,64";"4,67";
"26-08-2020";"4,40";"4,43";"4,44";"4,50";"4,55";"4,63";"4,65";
"25-08-2020";"4,39";"4,43";"4,44";"4,50";"4,54";"4,63";"4,65";
"24-08-2020";"4,37";"4,41";"4,43";"4,50";"4,54";"4,63";"4,65";
"21-08-2020";"4,37";"4,41";"4,43";"4,50";"4,54";"4,63";"4,65";
"20-08-2020";"4,37";"4,42";"4,43";"4,50";"4,54";"4,63";"4,65";
"19-08-2020";"4,36";"4,41";"4,43";"4,50";"4,54";"4,62";"4,63";
"18-08-2020";"4,34";"4,39";"4,42";"4,49";"4,53";"4,62";"4,63";
"17-08-2020";"4,33";"4,39";"4,41";"4,46";"4,51";"4,60";"4,61";
"14-08-2020";"4,30";"4,38";"4,40";"4,46";"4,51";"4,60";"4,61";
"13-08-2020";"4,28";"4,37";"4,40";"4,47";"4,52";"4,60";"4,62";
"12-08-2020";"4,29";"4,37";"4,40";"4,45";"4,51";"4,59";"4,62";
"11-08-2020";"4,30";"4,38";"4,39";"4,43";"4,51";"4,59";"4,60";
"10-08-2020";"4,33";"4,39";"4,40";"4,44";"4,51";"4,60";"4,61";
"07-08-2020";"4,32";"4,38";"4,40";"4,44";"4,52";"4,61";"4,62";
"06-08-2020";"4,28";"4,36";"4,38";"4,45";"4,53";"4,61";"4,63";
"05-08-2020";"4,30";"4,35";"4,38";"4,46";"4,50";"4,59";"4,63";
"04-08-2020";"4,28";"4,38";"4,40";"4,47";"4,49";"4,59";"4,63";
"03-08-2020";"4,32";"4,40";"4,41";"4,48";"4,50";"4,58";"4,57";
"31-07-2020";"4,47";"4,44";"4,44";"4,48";"4,52";"4,59";"4,59";
"30-07-2020";"4,43";"4,39";"4,41";"4,44";"4,51";"4,59";"4,59";
"29-07-2020";"4,28";"4,33";"4,33";"4,43";"4,51";"4,58";"4,58";
"28-07-2020";"4,23";"4,29";"4,30";"4,42";"4,50";"4,58";"4,58";
"27-07-2020";"4,21";"4,28";"4,31";"4,42";"4,50";"4,56";"4,59";
"24-07-2020";"4,27";"4,33";"4,37";"4,46";"4,53";"4,60";"4,63";
"23-07-2020";"4,35";"4,43";"4,49";"4,57";"4,63";"4,70";"4,71";
"22-07-2020";"4,40";"4,47";"4,53";"4,57";"4,62";"4,66";"4,65";
"21-07-2020";"4,42";"4,52";"4,55";"4,59";"4,65";"4,69";"4,71";
"20-07-2020";"4,39";"4,51";"4,56";"4,63";"4,67";"4,73";"4,77";
"17-07-2020";"4,40";"4,52";"4,58";"4,66";"4,70";"4,76";"4,78";
"16-07-2020";"4,42";"4,53";"4,60";"4,71";"4,77";"4,80";"4,82";
"15-07-2020";"4,48";"4,54";"4,62";"4,73";"4,78";"4,81";"4,83";
"14-07-2020";"4,51";"4,57";"4,65";"4,75";"4,78";"4,82";"4,84";
"13-07-2020";"4,48";"4,55";"4,63";"4,75";"4,78";"4,81";"4,83";
"10-07-2020";"4,48";"4,54";"4,59";"4,75";"4,78";"4,82";"4,83";
"09-07-2020";"4,43";"4,53";"4,59";"4,76";"4,77";"4,80";"4,80";
"08-07-2020";"4,43";"4,55";"4,59";"4,77";"4,79";"4,82";"4,83";
"07-07-2020";"4,38";"4,51";"4,58";"4,75";"4,80";"4,83";"4,83";
"06-07-2020";"4,36";"4,53";"4,62";"4,77";"4,81";"4,83";"4,83";
"03-07-2020";"4,26";"4,59";"4,68";"4,76";"4,84";"4,86";"4,87";
"02-07-2020";"4,63";"4,70";"4,75";"4,80";"4,85";"4,86";"4,87";
"30-06-2020";"4,64";"4,72";"4,77";"4,81";"4,85";"4,86";"4,88";
"29-06-2020";"4,66";"4,73";"4,78";"4,82";"4,85";"4,87";"4,88";
"26-06-2020";"4,69";"4,76";"4,78";"4,83";"4,84";"4,86";"4,88";
"25-06-2020";"4,66";"4,76";"4,78";"4,83";"4,85";"4,88";"4,91";
"23-06-2020";"4,68";"4,75";"4,81";"4,87";"4,90";"4,94";"4,97";
"22-06-2020";"4,74";"4,83";"4,88";"4,94";"4,98";"5,00";"5,02";
"19-06-2020";"5,06";"5,05";"5,05";"5,12";"5,12";"5,13";"5,14";
"18-06-2020";"5,13";"5,11";"5,16";"5,19";"5,18";"5,21";"5,23";
"17-06-2020";"5,19";"5,18";"5,18";"5,23";"5,24";"5,26";"5,28";
"16-06-2020";"5,29";"5,40";"5,41";"5,38";"5,37";"5,36";"5,38";
"15-06-2020";"5,34";"5,48";"5,48";"5,47";"5,44";"5,43";"5,46";
"11-06-2020";"5,41";"5,50";"5,50";"5,49";"5,48";"5,46";"5,48";
"10-06-2020";"5,46";"5,53";"5,54";"5,52";"5,52";"5,48";"5,50";
"09-06-2020";"5,50";"5,58";"5,61";"5,53";"5,53";"5,49";"5,53";
"08-06-2020";"5,50";"5,60";"5,66";"5,60";"5,57";"5,53";"5,54";
"05-06-2020";"5,58";"5,68";"5,71";"5,66";"5,63";"5,62";"5,61";
"04-06-2020";"5,59";"5,68";"5,72";"5,66";"5,63";"5,62";"5,61";
"03-06-2020";"5,58";"5,69";"5,73";"5,68";"5,67";"5,64";"5,63";
"02-06-2020";"5,64";"5,71";"5,73";"5,68";"5,68";"5,65";"5,64";
"01-06-2020";"5,67";"5,73";"5,75";"5,72";"5,71";"5,68";"5,66";
"29-05-2020";"5,69";"5,74";"5,75";"5,74";"5,72";"5,68";"5,66";
"28-05-2020";"5,69";"5,74";"5,75";"5,74";"5,72";"5,70";"5,68";
"27-05-2020";"5,66";"5,73";"5,75";"5,76";"5,73";"5,72";"5,69";
"26-05-2020";"5,66";"5,73";"5,74";"5,77";"5,76";"5,72";"5,70";
"25-05-2020";"5,65";"5,73";"5,73";"5,76";"5,76";"5,73";"5,73";
"22-05-2020";"5,62";"5,72";"5,73";"5,79";"5,78";"5,75";"5,76";
"21-05-2020";"5,60";"5,72";"5,75";"5,85";"5,84";"5,82";"5,85";
"20-05-2020";"5,62";"5,72";"5,79";"5,97";"5,97";"5,99";"6,00";
"19-05-2020";"5,62";"5,73";"5,82";"6,00";"6,03";"6,07";"6,08";
"18-05-2020";"5,60";"5,72";"5,82";"6,00";"6,03";"6,06";"6,08";
"15-05-2020";"5,62";"5,73";"5,83";"6,00";"6,03";"6,06";"6,09";
"14-05-2020";"5,66";"5,75";"5,83";"6,00";"6,04";"6,07";"6,10";
"13-05-2020";"5,68";"5,77";"5,83";"6,00";"6,04";"6,07";"6,10";
"12-05-2020";"5,61";"5,75";"5,82";"5,99";"6,05";"6,06";"6,12";
"08-05-2020";"5,40";"5,76";"5,81";"5,98";"6,04";"6,05";"6,13";
"07-05-2020";"5,67";"5,82";"5,87";"6,01";"6,03";"6,05";"6,13";
"06-05-2020";"5,81";"5,92";"5,94";"6,03";"6,03";"6,06";"6,13";
"30-04-2020";"5,94";"5,94";"5,95";"6,01";"6,03";"6,07";"6,14";
"29-04-2020";"5,80";"5,88";"5,91";"6,00";"6,03";"6,06";"6,13";
"28-04-2020";"5,77";"5,86";"5,89";"6,00";"6,04";"6,09";"6,12";
"27-04-2020";"5,77";"5,89";"5,98";"6,06";"6,11";"6,14";"6,16";
"24-04-2020";"6,27";"6,28";"6,32";"6,39";"6,43";"6,49";"6,56";
"23-04-2020";"6,35";"6,33";"6,38";"6,44";"6,47";"6,52";"6,57";
"22-04-2020";"6,35";"6,36";"6,36";"6,41";"6,43";"6,51";"6,60";
"21-04-2020";"6,35";"6,37";"6,36";"6,42";"6,44";"6,53";"6,63";
"20-04-2020";"6,32";"6,33";"6,34";"6,42";"6,46";"6,52";"6,63";
"17-04-2020";"6,29";"6,31";"6,33";"6,41";"6,49";"6,57";"6,73";
"16-04-2020";"6,23";"6,26";"6,31";"6,39";"6,48";"6,56";"6,71";
"15-04-2020";"6,13";"6,22";"6,28";"6,37";"6,45";"6,53";"6,64";
"14-04-2020";"6,11";"6,21";"6,28";"6,37";"6,45";"6,53";"6,64";
"13-04-2020";"6,12";"6,23";"6,29";"6,37";"6,46";"6,53";"6,63";
"10-04-2020";"6,22";"6,25";"6,29";"6,38";"6,46";"6,53";"6,62";
"09-04-2020";"6,06";"6,18";"6,25";"6,35";"6,44";"6,52";"6,64";
"08-04-2020";"6,12";"6,18";"6,26";"6,39";"6,47";"6,53";"6,67";
"07-04-2020";"6,14";"6,18";"6,26";"6,40";"6,47";"6,53";"6,67";
"06-04-2020";"6,14";"6,23";"6,31";"6,45";"6,53";"6,60";"6,73";
"27-03-2020";"6,25";"6,34";"6,44";"6,52";"6,63";"6,68";"6,77";
"26-03-2020";"6,14";"6,26";"6,40";"6,52";"6,64";"6,70";"6,77";
"25-03-2020";"6,03";"6,18";"6,38";"6,53";"6,68";"6,73";"6,74";
"24-03-2020";"5,98";"6,15";"6,33";"6,52";"6,67";"6,72";"6,72";
"23-03-2020";"5,99";"6,14";"6,31";"6,50";"6,63";"6,67";"6,67";
"20-03-2020";"6,00";"6,22";"6,35";"6,53";"6,66";"6,68";"6,72";
"19-03-2020";"5,96";"6,21";"6,35";"6,54";"6,65";"6,68";"6,68";
"18-03-2020";"5,80";"6,19";"6,36";"6,53";"6,65";"6,68";"6,67";
"17-03-2020";"5,75";"6,23";"6,38";"6,52";"6,65";"6,68";"6,68";
"16-03-2020";"5,79";"6,18";"6,31";"6,46";"6,58";"6,60";"6,60";
"13-03-2020";"5,78";"6,23";"6,31";"6,40";"6,51";"6,53";"6,53";
"12-03-2020";"6,00";"6,18";"6,23";"6,33";"6,37";"6,38";"6,38";
"11-03-2020";"6,06";"6,21";"6,24";"6,29";"6,30";"6,29";"6,33";
"10-03-2020";"6,33";"6,36";"6,35";"6,35";"6,34";"6,33";"6,33";
"06-03-2020";"6,24";"6,22";"6,23";"6,23";"6,26";"6,26";"6,28";
"05-03-2020";"6,22";"6,18";"6,20";"6,22";"6,26";"6,26";"6,29";
"04-03-2020";"6,22";"6,19";"6,22";"6,23";"6,28";"6,28";"6,30";
"03-03-2020";"6,19";"6,19";"6,22";"6,23";"6,27";"6,26";"6,28";
"02-03-2020";"6,18";"6,20";"6,23";"6,24";"6,27";"6,27";"6,29";
"28-02-2020";"6,19";"6,21";"6,24";"6,24";"6,27";"6,26";"6,31";
"27-02-2020";"6,13";"6,16";"6,19";"6,21";"6,23";"6,23";"6,28";
"26-02-2020";"6,10";"6,15";"6,18";"6,21";"6,22";"6,23";"6,28";
"25-02-2020";"6,08";"6,13";"6,17";"6,20";"6,22";"6,23";"6,28";
"21-02-2020";"6,06";"6,13";"6,16";"6,19";"6,23";"6,23";"6,28";
"20-02-2020";"6,06";"6,13";"6,17";"6,20";"6,23";"6,23";"6,28";
"19-02-2020";"6,08";"6,14";"6,18";"6,20";"6,23";"6,24";"6,28";
"18-02-2020";"6,09";"6,17";"6,20";"6,22";"6,25";"6,27";"6,30";
"17-02-2020";"6,09";"6,18";"6,22";"6,23";"6,26";"6,28";"6,30";
"14-02-2020";"6,09";"6,18";"6,23";"6,25";"6,26";"6,28";"6,30";
"13-02-2020";"6,09";"6,18";"6,23";"6,24";"6,26";"6,28";"6,30";
"12-02-2020";"6,10";"6,18";"6,23";"6,24";"6,25";"6,27";"6,29";
"11-02-2020";"6,13";"6,18";"6,22";"6,25";"6,26";"6,28";"6,30";
"10-02-2020";"6,20";"6,25";"6,28";"6,31";"6,33";"6,35";"6,37";
"07-02-2020";"6,32";"6,35";"6,38";"6,38";"6,43";"6,45";"6,47";
"06-02-2020";"6,30";"6,36";"6,37";"6,39";"6,43";"6,46";"6,47";
"05-02-2020";"6,30";"6,36";"6,37";"6,39";"6,43";"6,46";"6,47";
"04-02-2020";"6,30";"6,36";"6,38";"6,39";"6,43";"6,46";"6,47";
"03-02-2020";"6,34";"6,38";"6,39";"6,40";"6,43";"6,46";"6,47";
"31-01-2020";"6,36";"6,39";"6,40";"6,41";"6,43";"6,46";"6,47";
"30-01-2020";"6,38";"6,39";"6,41";"6,41";"6,44";"6,46";"6,47";
"29-01-2020";"6,37";"6,41";"6,43";"6,43";"6,44";"6,46";"6,47";
"28-01-2020";"6,37";"6,41";"6,42";"6,43";"6,44";"6,46";"6,47";
"27-01-2020";"6,34";"6,39";"6,41";"6,43";"6,44";"6,46";"6,47";
"24-01-2020";"6,33";"6,39";"6,41";"6,43";"6,44";"6,46";"6,47";
"23-01-2020";"6,33";"6,39";"6,41";"6,43";"6,44";"6,45";"6,47";
"22-01-2020";"6,30";"6,38";"6,40";"6,42";"6,43";"6,44";"6,47";
"21-01-2020";"6,30";"6,38";"6,40";"6,42";"6,43";"6,44";"6,47";
"20-01-2020";"6,31";"6,38";"6,40";"6,42";"6,43";"6,44";"6,47";
"17-01-2020";"6,30";"6,38";"6,40";"6,42";"6,43";"6,45";"6,47";
"16-01-2020";"6,33";"6,38";"6,40";"6,43";"6,43";"6,47";"6,48";
"15-01-2020";"6,33";"6,38";"6,39";"6,43";"6,44";"6,47";"6,48";
"14-01-2020";"6,33";"6,38";"6,39";"6,43";"6,44";"6,47";"6,48";
"13-01-2020";"6,37";"6,39";"6,40";"6,42";"6,43";"6,45";"6,48";
"10-01-2020";"6,36";"6,43";"6,41";"6,41";"6,41";"6,43";"6,48";
"09-01-2020";"6,39";"6,42";"6,39";"6,40";"6,41";"6,42";"6,47";
"31-12-2019";"-";"6,37";"6,38";"6,41";"6,42";"6,45";"6,48";
"30-12-2019";"6,37";"6,42";"6,42";"6,42";"6,43";"6,46";"6,47";
"27-12-2019";"6,43";"6,43";"6,42";"6,43";"6,46";"6,47";"6,49";
"26-12-2019";"6,40";"6,41";"6,41";"6,43";"6,46";"6,47";"6,49";
"25-12-2019";"6,41";"6,39";"6,39";"6,43";"6,46";"6,47";"6,49";
"24-12-2019";"6,39";"6,41";"6,39";"6,43";"6,46";"6,47";"6,49";
"23-12-2019";"6,28";"6,39";"6,39";"6,43";"6,46";"6,47";"6,49";
"20-12-2019";"6,33";"6,38";"6,42";"6,44";"6,46";"6,48";"6,50";
"19-12-2019";"6,23";"6,36";"6,41";"6,46";"6,46";"6,50";"6,52";
"18-12-2019";"6,21";"6,36";"6,40";"6,46";"6,46";"6,50";"6,52";
"17-12-2019";"6,20";"6,37";"6,39";"6,46";"6,46";"6,51";"6,52";
"16-12-2019";"6,21";"6,41";"6,43";"6,47";"6,48";"6,54";"6,55";
"13-12-2019";"6,34";"6,52";"6,53";"6,54";"6,55";"6,60";"6,63";
"12-12-2019";"6,45";"6,54";"6,56";"6,59";"6,60";"6,65";"6,68";
"11-12-2019";"6,52";"6,57";"6,59";"6,64";"6,67";"6,71";"6,73";
"10-12-2019";"6,56";"6,63";"6,65";"6,69";"6,73";"6,75";"6,78";
"09-12-2019";"6,56";"6,63";"6,65";"6,71";"6,73";"6,76";"6,79";
"06-12-2019";"6,58";"6,64";"6,63";"6,73";"6,73";"6,77";"6,80";
"05-12-2019";"6,63";"6,66";"6,65";"6,73";"6,75";"6,78";"6,81";
"04-12-2019";"6,63";"6,67";"6,67";"6,73";"6,76";"6,78";"6,81";
"03-12-2019";"6,66";"6,68";"6,68";"6,73";"6,76";"6,78";"6,81";
"02-12-2019";"6,64";"6,68";"6,68";"6,73";"6,76";"6,78";"6,81";
"29-11-2019";"6,64";"6,68";"6,68";"6,73";"6,76";"6,78";"6,81";
"28-11-2019";"6,63";"6,68";"6,68";"6,73";"6,76";"6,78";"6,81";
"27-11-2019";"6,63";"6,68";"6,68";"6,73";"6,76";"6,78";"6,81";
"26-11-2019";"6,63";"6,68";"6,68";"6,73";"6,76";"6,78";"6,81";
"25-11-2019";"6,62";"6,68";"6,68";"6,73";"6,76";"6,78";"6,81";
"22-11-2019";"6,62";"6,68";"6,68";"6,73";"6,76";"6,78";"6,81";
"21-11-2019";"6,64";"6,68";"6,68";"6,73";"6,76";"6,78";"6,81";
"20-11-2019";"6,65";"6,68";"6,68";"6,73";"6,76";"6,78";"6,81";
"19-11-2019";"6,65";"6,68";"6,68";"6,73";"6,76";"6,78";"6,81";
"18-11-2019";"6,63";"6,68";"6,68";"6,73";"6,76";"6,78";"6,81";
"15-11-2019";"6,63";"6,68";"6,68";"6,74";"6,76";"6,79";"6,81";
"14-11-2019";"6,63";"6,68";"6,68";"6,74";"6,76";"6,79";"6,81";
"13-11-2019";"6,63";"6,68";"6,68";"6,74";"6,76";"6,79";"6,82";
"12-11-2019";"6,67";"6,68";"6,68";"6,74";"6,77";"6,81";"6,83";
"11-11-2019";"6,68";"6,69";"6,69";"6,75";"6,78";"6,82";"6,83";
"08-11-2019";"6,68";"6,69";"6,70";"6,75";"6,78";"6,83";"6,83";
"07-11-2019";"6,68";"6,69";"6,70";"6,75";"6,78";"6,83";"6,83";
"06-11-2019";"6,69";"6,69";"6,70";"6,75";"6,78";"6,83";"6,83";
"05-11-2019";"6,68";"6,70";"6,71";"6,75";"6,78";"6,83";"6,83";
"01-11-2019";"6,70";"6,72";"6,73";"6,75";"6,79";"6,83";"6,83";
"31-10-2019";"6,74";"6,73";"6,74";"6,77";"6,79";"6,84";"6,85";
"30-10-2019";"6,78";"6,76";"6,76";"6,78";"6,81";"6,83";"6,86";
"29-10-2019";"6,78";"6,74";"6,75";"6,78";"6,81";"6,84";"6,86";
"28-10-2019";"6,77";"6,77";"6,78";"6,83";"6,86";"6,89";"6,92";
"25-10-2019";"7,03";"6,96";"6,96";"6,98";"7,02";"7,03";"7,04";
"24-10-2019";"6,94";"6,98";"6,98";"7,00";"7,03";"7,05";"7,08";
"23-10-2019";"6,93";"7,00";"6,99";"7,03";"7,04";"7,08";"7,13";
"22-10-2019";"7,01";"7,03";"7,01";"7,03";"7,03";"7,08";"7,13";
"21-10-2019";"7,08";"7,11";"7,07";"7,08";"7,08";"7,16";"7,22";
"18-10-2019";"7,10";"7,13";"7,10";"7,08";"7,10";"7,15";"7,20";
"17-10-2019";"7,10";"7,14";"7,09";"7,10";"7,13";"7,18";"7,24";
"16-10-2019";"7,12";"7,14";"7,09";"7,10";"7,13";"7,17";"7,24";
"15-10-2019";"7,13";"7,14";"7,07";"7,10";"7,13";"7,15";"7,24";
"14-10-2019";"7,12";"7,13";"7,06";"7,10";"7,13";"7,15";"7,24";
"11-10-2019";"7,12";"7,13";"7,07";"7,12";"7,13";"7,17";"7,24";
"10-10-2019";"7,13";"7,13";"7,08";"7,13";"7,14";"7,19";"7,25";
"09-10-2019";"7,16";"7,15";"7,08";"7,13";"7,14";"7,19";"7,25";
"08-10-2019";"7,18";"7,15";"7,08";"7,13";"7,14";"7,19";"7,25";
"07-10-2019";"7,14";"7,14";"7,08";"7,13";"7,14";"7,19";"7,25";
"04-10-2019";"7,08";"7,13";"7,08";"7,13";"7,14";"7,19";"7,25";
"03-10-2019";"7,10";"7,13";"7,09";"7,13";"7,14";"7,18";"7,25";
"02-10-2019";"7,10";"7,12";"7,10";"7,12";"7,14";"7,18";"7,26";
"01-10-2019";"7,06";"7,10";"7,09";"7,13";"7,15";"7,19";"7,27";
"30-09-2019";"7,04";"7,11";"7,11";"7,15";"7,18";"7,21";"7,28";
"27-09-2019";"7,03";"7,08";"7,10";"7,13";"7,15";"7,21";"7,28";
"26-09-2019";"7,00";"7,07";"7,08";"7,13";"7,15";"7,21";"7,28";
"25-09-2019";"7,01";"7,08";"7,08";"7,13";"7,17";"7,22";"7,29";
"24-09-2019";"7,02";"7,09";"7,10";"7,13";"7,18";"7,24";"7,31";
"23-09-2019";"7,02";"7,08";"7,08";"7,12";"7,16";"7,23";"7,29";
"20-09-2019";"7,03";"7,08";"7,08";"7,12";"7,16";"7,23";"7,29";
"19-09-2019";"7,03";"7,08";"7,09";"7,12";"7,16";"7,23";"7,29";
"18-09-2019";"7,02";"7,08";"7,09";"7,13";"7,16";"7,23";"7,29";
"17-09-2019";"7,02";"7,08";"7,12";"7,16";"7,18";"7,24";"7,32";
"16-09-2019";"7,02";"7,09";"7,13";"7,18";"7,21";"7,26";"7,33";
"13-09-2019";"7,02";"7,09";"7,13";"7,18";"7,21";"7,26";"7,33";
"12-09-2019";"7,03";"7,08";"7,13";"7,18";"7,21";"7,26";"7,33";
"11-09-2019";"7,01";"7,08";"7,12";"7,18";"7,21";"7,26";"7,33";
"10-09-2019";"6,98";"7,09";"7,13";"7,19";"7,23";"7,28";"7,35";
"09-09-2019";"6,99";"7,13";"7,18";"7,23";"7,28";"7,32";"7,43";
"06-09-2019";"7,07";"7,17";"7,22";"7,29";"7,33";"7,38";"7,48";
"05-09-2019";"7,23";"7,29";"7,29";"7,33";"7,38";"7,43";"7,53";
"04-09-2019";"7,29";"7,36";"7,34";"7,40";"7,44";"7,49";"7,57";
"03-09-2019";"7,37";"7,40";"7,41";"7,47";"7,51";"7,55";"7,58";
"02-09-2019";"7,38";"7,40";"7,41";"7,47";"7,53";"7,58";"7,60";
"30-08-2019";"7,38";"7,40";"7,43";"7,47";"7,53";"7,58";"7,60";
"29-08-2019";"7,40";"7,41";"7,43";"7,47";"7,53";"7,58";"7,60";
"28-08-2019";"7,43";"7,43";"7,43";"7,47";"7,53";"7,58";"7,60";
"27-08-2019";"7,41";"7,43";"7,43";"7,47";"7,53";"7,58";"7,60";
"26-08-2019";"7,39";"7,43";"7,43";"7,47";"7,55";"7,59";"7,61";
"23-08-2019";"7,34";"7,39";"7,41";"7,46";"7,55";"7,59";"7,61";
"22-08-2019";"7,37";"7,39";"7,42";"7,46";"7,55";"7,59";"7,61";
"21-08-2019";"7,38";"7,39";"7,43";"7,46";"7,55";"7,59";"7,61";
"20-08-2019";"7,38";"7,41";"7,44";"7,46";"7,55";"7,59";"7,61";
"19-08-2019";"7,37";"7,41";"7,43";"7,46";"7,55";"7,59";"7,61";
"16-08-2019";"7,37";"7,40";"7,42";"7,46";"7,56";"7,61";"7,63";
"15-08-2019";"7,36";"7,40";"7,42";"7,46";"7,58";"7,63";"7,64";
"14-08-2019";"7,37";"7,42";"7,43";"7,48";"7,59";"7,63";"7,64";
"13-08-2019";"7,38";"7,44";"7,46";"7,50";"7,60";"7,63";"7,66";
"12-08-2019";"7,41";"7,44";"7,46";"7,50";"7,60";"7,63";"7,67";
"09-08-2019";"7,41";"7,44";"7,46";"7,50";"7,60";"7,63";"7,67";
"08-08-2019";"7,40";"7,45";"7,46";"7,50";"7,61";"7,63";"7,67";
"07-08-2019";"7,41";"7,47";"7,47";"7,50";"7,60";"7,63";"7,68";
"06-08-2019";"7,37";"7,48";"7,46";"7,50";"7,61";"7,66";"7,70";
"05-08-2019";"7,43";"7,49";"7,48";"7,53";"7,61";"7,66";"7,70";
"02-08-2019";"7,46";"7,50";"7,48";"7,54";"7,61";"7,66";"7,70";
"01-08-2019";"7,46";"7,50";"7,49";"7,54";"7,59";"7,64";"7,68";
"31-07-2019";"7,51";"7,54";"7,53";"7,56";"7,58";"7,63";"7,68";
"30-07-2019";"7,43";"7,48";"7,49";"7,55";"7,61";"7,64";"7,68";
"29-07-2019";"7,39";"7,47";"7,48";"7,55";"7,63";"7,67";"7,74";
"26-07-2019";"7,46";"7,53";"7,53";"7,61";"7,68";"7,70";"7,78";
"25-07-2019";"7,45";"7,57";"7,60";"7,68";"7,73";"7,76";"7,84";
"24-07-2019";"7,47";"7,59";"7,62";"7,68";"7,75";"7,77";"7,85";
"23-07-2019";"7,53";"7,64";"7,68";"7,73";"7,80";"7,83";"7,90";
"22-07-2019";"7,53";"7,66";"7,69";"7,76";"7,85";"7,89";"7,96";
"19-07-2019";"7,56";"7,66";"7,70";"7,76";"7,88";"7,93";"8,01";
"18-07-2019";"7,55";"7,67";"7,70";"7,76";"7,88";"7,93";"8,02";
"17-07-2019";"7,55";"7,67";"7,71";"7,77";"7,88";"7,94";"8,03";
"16-07-2019";"7,56";"7,67";"7,71";"7,77";"7,88";"7,93";"8,03";
"15-07-2019";"7,56";"7,66";"7,70";"7,77";"7,88";"7,93";"8,03";
"12-07-2019";"7,56";"7,66";"7,70";"7,77";"7,89";"7,95";"8,03";
"11-07-2019";"7,57";"7,67";"7,71";"7,78";"7,90";"7,96";"8,03";
"10-07-2019";"7,62";"7,71";"7,73";"7,81";"7,93";"7,98";"8,04";
"09-07-2019";"7,61";"7,73";"7,74";"7,83";"7,93";"7,98";"8,04";
"08-07-2019";"7,58";"7,73";"7,75";"7,84";"7,94";"7,99";"8,06";
"05-07-2019";"7,56";"7,73";"7,76";"7,85";"7,94";"7,99";"8,06";
"04-07-2019";"7,56";"7,73";"7,75";"7,83";"7,94";"7,99";"8,06";
"03-07-2019";"7,60";"7,73";"7,76";"7,83";"7,94";"7,99";"8,06";
"02-07-2019";"7,64";"7,73";"7,76";"7,83";"7,93";"7,99";"8,06";
"01-07-2019";"7,68";"7,74";"7,78";"7,83";"7,94";"8,00";"8,07";
"28-06-2019";"7,72";"7,75";"7,79";"7,87";"7,98";"8,03";"8,09";
"27-06-2019";"7,71";"7,76";"7,79";"7,87";"7,98";"8,03";"8,09";
"26-06-2019";"7,73";"7,77";"7,78";"7,87";"7,98";"8,03";"8,09";
"25-06-2019";"7,73";"7,76";"7,80";"7,87";"7,98";"8,03";"8,09";
"24-06-2019";"7,66";"7,73";"7,78";"7,87";"7,98";"8,03";"8,09";
"21-06-2019";"7,67";"7,73";"7,78";"7,88";"7,98";"8,03";"8,09";
"20-06-2019";"7,67";"7,74";"7,78";"7,87";"7,98";"8,04";"8,10";
"19-06-2019";"7,66";"7,74";"7,78";"7,86";"7,97";"8,04";"8,10";
"18-06-2019";"7,70";"7,73";"7,78";"7,86";"7,97";"8,04";"8,10";
"17-06-2019";"7,70";"7,75";"7,80";"7,89";"7,99";"8,06";"8,12";
"14-06-2019";"7,81";"7,89";"7,94";"8,03";"8,10";"8,14";"8,23";
"13-06-2019";"7,82";"7,93";"7,97";"8,05";"8,14";"8,18";"8,28";
"11-06-2019";"7,86";"7,94";"7,98";"8,05";"8,14";"8,18";"8,28";
"10-06-2019";"7,94";"7,98";"8,00";"8,07";"8,17";"8,21";"8,29";
"07-06-2019";"7,93";"7,98";"8,00";"8,07";"8,19";"8,24";"8,32";
"06-06-2019";"7,91";"7,98";"8,01";"8,08";"8,19";"8,24";"8,33";
"05-06-2019";"7,88";"7,98";"8,01";"8,08";"8,19";"8,24";"8,33";
"04-06-2019";"7,96";"8,01";"8,03";"8,07";"8,19";"8,24";"8,33";
"03-06-2019";"7,99";"8,03";"8,03";"8,08";"8,18";"8,23";"8,31";
"31-05-2019";"8,09";"8,05";"8,01";"8,08";"8,16";"8,23";"8,29";
"30-05-2019";"8,08";"8,02";"8,00";"8,08";"8,16";"8,22";"8,29";
"29-05-2019";"7,92";"7,92";"7,96";"8,07";"8,15";"8,19";"8,29";
"28-05-2019";"7,88";"7,86";"7,93";"8,04";"8,13";"8,18";"8,28";
"27-05-2019";"7,75";"7,81";"7,92";"8,03";"8,13";"8,18";"8,28";
"24-05-2019";"7,63";"7,81";"7,94";"8,06";"8,16";"8,20";"8,29";
"23-05-2019";"7,71";"7,83";"7,94";"8,07";"8,17";"8,21";"8,30";
"22-05-2019";"7,78";"7,87";"7,94";"8,08";"8,18";"8,23";"8,32";
"21-05-2019";"7,84";"7,88";"7,95";"8,09";"8,18";"8,24";"8,33";
"20-05-2019";"7,79";"7,86";"7,90";"8,06";"8,17";"8,23";"8,36";
"17-05-2019";"7,80";"7,86";"7,94";"8,06";"8,17";"8,23";"8,36";
"16-05-2019";"7,78";"7,86";"7,94";"8,06";"8,17";"8,23";"8,36";
"15-05-2019";"7,83";"7,90";"7,98";"8,08";"8,18";"8,23";"8,38";
"14-05-2019";"7,85";"7,90";"7,98";"8,08";"8,18";"8,23";"8,37";
"13-05-2019";"7,78";"7,88";"7,98";"8,08";"8,18";"8,23";"8,38";
"08-05-2019";"7,77";"7,85";"7,93";"8,08";"8,19";"8,27";"8,38";
"07-05-2019";"7,76";"7,85";"7,93";"8,08";"8,19";"8,25";"8,38";
"06-05-2019";"7,76";"7,90";"7,98";"8,08";"8,19";"8,25";"8,38";
"30-04-2019";"7,90";"7,97";"8,00";"8,12";"8,23";"8,28";"8,42";
"29-04-2019";"7,87";"7,95";"7,99";"8,15";"8,24";"8,31";"8,45";
"26-04-2019";"7,85";"7,96";"7,99";"8,16";"8,25";"8,31";"8,45";
"25-04-2019";"7,84";"7,95";"7,99";"8,16";"8,25";"8,31";"8,45";
"24-04-2019";"7,78";"7,93";"7,99";"8,16";"8,25";"8,31";"8,45";
"23-04-2019";"7,81";"7,96";"8,00";"8,16";"8,25";"8,31";"8,45";
"22-04-2019";"7,85";"7,97";"8,00";"8,16";"8,25";"8,31";"8,45";
"19-04-2019";"7,91";"7,98";"8,00";"8,16";"8,25";"8,31";"8,45";
"18-04-2019";"7,97";"7,98";"8,00";"8,16";"8,25";"8,31";"8,45";
"17-04-2019";"7,98";"8,00";"8,00";"8,16";"8,25";"8,31";"8,45";
"16-04-2019";"8,04";"8,00";"8,00";"8,16";"8,25";"8,31";"8,45";
"15-04-2019";"7,98";"8,00";"8,00";"8,16";"8,25";"8,31";"8,45";
"12-04-2019";"7,98";"7,96";"7,98";"8,16";"8,25";"8,31";"8,45";
"11-04-2019";"7,91";"7,93";"7,98";"8,16";"8,25";"8,31";"8,45";
"10-04-2019";"7,88";"7,91";"7,98";"8,16";"8,25";"8,31";"8,45";
"09-04-2019";"7,88";"7,92";"7,98";"8,16";"8,25";"8,31";"8,45";
"08-04-2019";"7,89";"7,92";"7,98";"8,17";"8,25";"8,31";"8,45";
"05-04-2019";"7,96";"7,94";"7,98";"8,16";"8,24";"8,30";"8,45";
"04-04-2019";"7,90";"7,89";"7,98";"8,16";"8,25";"8,30";"8,43";
"03-04-2019";"7,89";"7,89";"7,98";"8,16";"8,25";"8,30";"8,43";
"02-04-2019";"7,88";"7,88";"7,98";"8,17";"8,26";"8,31";"8,43";
"01-04-2019";"7,88";"7,88";"7,98";"8,17";"8,26";"8,31";"8,43";
"29-03-2019";"7,90";"7,91";"7,98";"8,17";"8,26";"8,31";"8,45";
"28-03-2019";"7,83";"7,92";"7,98";"8,18";"8,26";"8,31";"8,45";
"27-03-2019";"7,92";"7,93";"7,99";"8,17";"8,26";"8,31";"8,45";
"26-03-2019";"7,92";"7,90";"7,98";"8,16";"8,26";"8,31";"8,45";
"25-03-2019";"7,81";"7,85";"7,98";"8,16";"8,25";"8,31";"8,45";
"22-03-2019";"7,70";"7,84";"7,98";"8,14";"8,25";"8,33";"8,48";
"21-03-2019";"7,70";"7,84";"7,98";"8,15";"8,27";"8,34";"8,48";
"20-03-2019";"7,73";"7,86";"7,98";"8,16";"8,31";"8,39";"8,50";
"19-03-2019";"7,74";"7,84";"7,98";"8,18";"8,35";"8,44";"8,55";
"18-03-2019";"7,74";"7,84";"7,98";"8,22";"8,37";"8,47";"8,58";
"15-03-2019";"7,75";"7,87";"7,99";"8,21";"8,34";"8,44";"8,55";
"14-03-2019";"7,75";"7,88";"7,99";"8,21";"8,34";"8,44";"8,57";
"13-03-2019";"7,83";"7,89";"7,99";"8,21";"8,34";"8,45";"8,58";
"12-03-2019";"7,85";"7,88";"7,99";"8,21";"8,38";"8,51";"8,63";
"11-03-2019";"7,89";"7,89";"8,00";"8,23";"8,45";"8,60";"8,68";
"07-03-2019";"7,92";"7,91";"8,00";"8,23";"8,45";"8,60";"8,69";
"06-03-2019";"7,90";"7,91";"8,00";"8,23";"8,46";"8,61";"8,69";
"05-03-2019";"7,88";"7,90";"8,00";"8,24";"8,50";"8,63";"8,69";
"04-03-2019";"7,88";"7,92";"8,01";"8,24";"8,50";"8,64";"8,69";
"01-03-2019";"7,86";"7,88";"8,00";"8,24";"8,50";"8,64";"8,69";
"28-02-2019";"7,82";"7,87";"7,98";"8,24";"8,48";"8,63";"8,70";
"27-02-2019";"7,78";"7,86";"7,97";"8,24";"8,48";"8,62";"8,68";
"26-02-2019";"7,71";"7,83";"7,97";"8,24";"8,48";"8,62";"8,68";
"25-02-2019";"7,67";"7,80";"7,96";"8,24";"8,48";"8,62";"8,68";
"22-02-2019";"7,58";"7,82";"7,98";"8,24";"8,48";"8,62";"8,68";
"21-02-2019";"7,69";"7,85";"8,00";"8,25";"8,51";"8,62";"8,68";
"20-02-2019";"7,84";"7,86";"7,98";"8,25";"8,52";"8,62";"8,68";
"19-02-2019";"7,82";"7,86";"7,98";"8,25";"8,50";"8,62";"8,68";
"18-02-2019";"7,79";"7,84";"7,98";"8,25";"8,50";"8,62";"8,68";
"15-02-2019";"7,82";"7,87";"7,98";"8,25";"8,50";"8,62";"8,68";
"14-02-2019";"7,74";"7,85";"7,98";"8,25";"8,50";"8,62";"8,68";
"13-02-2019";"7,75";"7,85";"7,98";"8,25";"8,49";"8,60";"8,68";
"12-02-2019";"7,77";"7,83";"7,99";"8,25";"8,49";"8,62";"8,68";
"11-02-2019";"7,77";"7,83";"8,01";"8,23";"8,52";"8,63";"8,69";
"08-02-2019";"7,80";"7,88";"8,01";"8,23";"8,52";"8,62";"8,69";
"07-02-2019";"7,81";"7,92";"8,03";"8,23";"8,52";"8,62";"8,69";
"06-02-2019";"7,83";"7,93";"8,06";"8,23";"8,51";"8,60";"8,69";
"05-02-2019";"7,80";"7,93";"8,06";"8,23";"8,54";"8,63";"8,71";
"04-02-2019";"7,78";"7,93";"8,05";"8,23";"8,53";"8,62";"8,70";
"01-02-2019";"7,84";"8,04";"8,10";"8,24";"8,51";"8,58";"8,68";
"31-01-2019";"7,96";"8,06";"8,12";"8,26";"8,52";"8,57";"8,68";
"30-01-2019";"7,98";"8,06";"8,12";"8,25";"8,50";"8,57";"8,68";
"29-01-2019";"8,01";"8,06";"8,12";"8,25";"8,50";"8,57";"8,68";
"28-01-2019";"7,99";"8,04";"8,09";"8,25";"8,50";"8,56";"8,68";
"25-01-2019";"7,95";"8,02";"8,09";"8,25";"8,50";"8,56";"8,68";
"24-01-2019";"7,95";"8,03";"8,09";"8,24";"8,53";"8,58";"8,68";
"23-01-2019";"7,98";"8,04";"8,09";"8,24";"8,53";"8,58";"8,68";
"22-01-2019";"7,98";"8,01";"8,08";"8,23";"8,53";"8,58";"8,68";
"21-01-2019";"7,88";"7,95";"8,04";"8,23";"8,53";"8,58";"8,68";
"18-01-2019";"7,87";"7,91";"8,01";"8,23";"8,53";"8,58";"8,68";
"17-01-2019";"7,86";"7,89";"7,99";"8,23";"8,53";"8,58";"8,68";
"16-01-2019";"7,85";"7,89";"7,99";"8,23";"8,54";"8,59";"8,68";
"15-01-2019";"7,82";"7,90";"8,00";"8,23";"8,54";"8,59";"8,68";
"14-01-2019";"7,83";"7,92";"8,02";"8,23";"8,54";"8,60";"8,68";
"11-01-2019";"7,88";"7,93";"8,02";"8,23";"8,54";"8,64";"8,72";
"10-01-2019";"7,88";"7,94";"8,03";"8,22";"8,54";"8,63";"8,72";
"09-01-2019";"7,91";"7,98";"8,06";"8,21";"8,53";"8,62";"8,70";
"29-12-2018";"-";"7,98";"8,10";"8,22";"8,55";"8,58";"8,67";
"28-12-2018";"7,65";"7,94";"8,08";"8,24";"8,55";"8,59";"8,68";
"27-12-2018";"7,90";"8,03";"8,12";"8,26";"8,58";"8,65";"8,71";
"26-12-2018";"7,90";"8,03";"8,13";"8,28";"8,58";"8,61";"8,70";
"25-12-2018";"7,94";"8,05";"8,13";"8,28";"8,58";"8,61";"8,70";
"24-12-2018";"7,94";"8,05";"8,13";"8,28";"8,58";"8,61";"8,70";
"21-12-2018";"7,93";"8,05";"8,13";"8,28";"8,58";"8,61";"8,70";
"20-12-2018";"7,97";"8,03";"8,15";"8,28";"8,58";"8,63";"8,70";
"19-12-2018";"7,98";"8,02";"8,16";"8,30";"8,58";"8,63";"8,70";
"18-12-2018";"7,92";"8,03";"8,13";"8,29";"8,57";"8,63";"8,70";
"17-12-2018";"7,93";"7,99";"8,08";"8,22";"8,53";"8,58";"8,64";
"14-12-2018";"7,73";"7,79";"7,83";"8,06";"8,42";"8,50";"8,54";
"13-12-2018";"7,70";"7,78";"7,83";"8,03";"8,38";"8,50";"8,53";
"12-12-2018";"7,70";"7,77";"7,82";"8,01";"8,38";"8,50";"8,53";
"11-12-2018";"7,70";"7,78";"7,81";"8,01";"8,37";"8,49";"8,53";
"10-12-2018";"7,67";"7,76";"7,80";"8,00";"8,37";"8,49";"8,53";
"07-12-2018";"7,71";"7,78";"7,84";"7,96";"8,37";"8,49";"8,52";
"06-12-2018";"7,67";"7,78";"7,83";"8,00";"8,36";"8,48";"8,52";
"05-12-2018";"7,71";"7,78";"7,83";"7,98";"8,34";"8,46";"8,50";
"04-12-2018";"7,69";"7,78";"7,83";"7,98";"8,33";"8,46";"8,50";
"03-12-2018";"7,66";"7,77";"7,82";"7,99";"8,33";"8,47";"8,52";
"30-11-2018";"7,74";"7,78";"7,85";"7,99";"8,34";"8,49";"8,52";
"29-11-2018";"7,60";"7,77";"7,83";"7,98";"8,32";"8,45";"8,49";
"28-11-2018";"7,74";"7,80";"7,83";"7,98";"8,31";"8,44";"8,49";
"27-11-2018";"7,75";"7,79";"7,83";"7,96";"8,30";"8,43";"8,50";
"26-11-2018";"7,59";"7,69";"7,77";"7,94";"8,28";"8,41";"8,49";
"23-11-2018";"7,39";"7,64";"7,74";"7,95";"8,28";"8,41";"8,48";
"22-11-2018";"7,46";"7,63";"7,74";"7,94";"8,27";"8,41";"8,48";
"21-11-2018";"7,48";"7,67";"7,76";"7,96";"8,26";"8,43";"8,48";
"20-11-2018";"7,48";"7,65";"7,75";"7,95";"8,24";"8,42";"8,48";
"19-11-2018";"7,51";"7,61";"7,72";"7,93";"8,23";"8,38";"8,47";
"16-11-2018";"7,40";"7,61";"7,71";"7,93";"8,20";"8,34";"8,45";
"15-11-2018";"7,46";"7,65";"7,73";"7,96";"8,20";"8,35";"8,45";
"14-11-2018";"7,61";"7,68";"7,75";"7,94";"8,21";"8,37";"8,45";
"13-11-2018";"7,61";"7,69";"7,76";"7,94";"8,24";"8,38";"8,45";
"12-11-2018";"7,62";"7,70";"7,76";"7,93";"8,23";"8,35";"8,43";
"09-11-2018";"7,63";"7,71";"7,77";"7,93";"8,23";"8,35";"8,43";
"08-11-2018";"7,63";"7,70";"7,77";"7,93";"8,23";"8,35";"8,43";
"07-11-2018";"7,58";"7,68";"7,76";"7,93";"8,23";"8,35";"8,43";
"06-11-2018";"7,49";"7,64";"7,74";"7,93";"8,22";"8,32";"8,43";
"02-11-2018";"7,46";"7,64";"7,75";"7,95";"8,19";"8,31";"8,43";
"01-11-2018";"7,25";"7,62";"7,73";"7,93";"8,18";"8,31";"8,43";
"31-10-2018";"7,42";"7,66";"7,76";"7,92";"8,15";"8,31";"8,43";
"30-10-2018";"7,47";"7,68";"7,78";"7,93";"8,16";"8,28";"8,40";
"29-10-2018";"7,51";"7,68";"7,79";"7,94";"8,16";"8,27";"8,39";
"26-10-2018";"7,55";"7,74";"7,81";"7,95";"8,18";"8,32";"8,41";
"25-10-2018";"7,57";"7,73";"7,81";"7,95";"8,18";"8,32";"8,41";
"24-10-2018";"7,39";"7,67";"7,78";"7,91";"8,12";"8,30";"8,39";
"23-10-2018";"7,43";"7,68";"7,78";"7,93";"8,13";"8,28";"8,41";
"22-10-2018";"7,58";"7,73";"7,79";"7,93";"8,13";"8,30";"8,42";
"19-10-2018";"7,59";"7,74";"7,82";"7,93";"8,14";"8,32";"8,43";
"18-10-2018";"7,58";"7,74";"7,82";"7,93";"8,15";"8,33";"8,44";
"17-10-2018";"7,63";"7,75";"7,83";"7,94";"8,18";"8,34";"8,47";
"16-10-2018";"7,66";"7,75";"7,79";"7,91";"8,13";"8,28";"8,43";
"15-10-2018";"7,68";"7,76";"7,79";"7,90";"8,14";"8,30";"8,43";
"12-10-2018";"7,65";"7,74";"7,79";"7,91";"8,13";"8,28";"8,41";
"11-10-2018";"7,63";"7,73";"7,79";"7,89";"8,10";"8,23";"8,33";
"10-10-2018";"7,61";"7,73";"7,79";"7,89";"8,09";"8,24";"8,33";
"09-10-2018";"7,71";"7,75";"7,79";"7,91";"8,09";"8,23";"8,27";
"08-10-2018";"7,71";"7,75";"7,79";"7,91";"8,09";"8,23";"8,27";
"05-10-2018";"7,76";"7,75";"7,78";"7,89";"8,02";"8,18";"8,25";
"04-10-2018";"7,61";"7,68";"7,73";"7,86";"7,98";"8,15";"8,21";
"03-10-2018";"7,59";"7,68";"7,72";"7,83";"7,95";"8,11";"8,19";
"02-10-2018";"7,55";"7,69";"7,74";"7,83";"7,97";"8,11";"8,19";
"01-10-2018";"7,56";"7,69";"7,73";"7,83";"7,97";"8,11";"8,18";
"28-09-2018";"7,60";"7,71";"7,75";"7,86";"7,98";"8,12";"8,18";
"27-09-2018";"7,55";"7,68";"7,73";"7,83";"7,96";"8,08";"8,15";
"26-09-2018";"7,56";"7,69";"7,73";"7,83";"7,98";"8,07";"8,13";
"25-09-2018";"7,45";"7,62";"7,69";"7,79";"7,97";"8,06";"8,11";
"24-09-2018";"7,44";"7,62";"7,69";"7,79";"7,97";"8,06";"8,11";
"21-09-2018";"7,52";"7,67";"7,73";"7,83";"7,98";"8,07";"8,11";
"20-09-2018";"7,56";"7,71";"7,76";"7,84";"7,97";"8,08";"8,13";
"19-09-2018";"7,60";"7,74";"7,78";"7,86";"7,97";"8,08";"8,12";
"18-09-2018";"7,64";"7,74";"7,77";"7,85";"7,95";"8,07";"8,12";
"17-09-2018";"7,63";"7,74";"7,77";"7,87";"7,94";"8,05";"8,10";
"14-09-2018";"7,30";"7,45";"7,51";"7,62";"7,76";"7,81";"7,87";
"13-09-2018";"7,31";"7,46";"7,53";"7,62";"7,75";"7,81";"7,86";
"12-09-2018";"7,24";"7,47";"7,53";"7,62";"7,75";"7,83";"7,86";
"11-09-2018";"7,27";"7,41";"7,51";"7,60";"7,73";"7,81";"7,84";
"10-09-2018";"7,29";"7,39";"7,46";"7,54";"7,68";"7,74";"7,79";
"07-09-2018";"7,28";"7,40";"7,47";"7,53";"7,67";"7,73";"7,78";
"06-09-2018";"7,28";"7,38";"7,40";"7,51";"7,63";"7,70";"7,73";
"05-09-2018";"7,30";"7,38";"7,36";"7,50";"7,62";"7,68";"7,70";
"04-09-2018";"7,34";"7,38";"7,36";"7,52";"7,62";"7,68";"7,71";
"03-09-2018";"7,36";"7,38";"7,37";"7,53";"7,61";"7,68";"7,70";
"31-08-2018";"7,37";"7,38";"7,38";"7,53";"7,61";"7,66";"7,68";
"30-08-2018";"7,33";"7,39";"7,39";"7,53";"7,60";"7,66";"7,68";
"29-08-2018";"7,38";"7,41";"7,40";"7,51";"7,60";"7,65";"7,67";
"28-08-2018";"7,33";"7,36";"7,39";"7,47";"7,58";"7,62";"7,63";
"27-08-2018";"7,28";"7,34";"7,38";"7,45";"7,57";"7,61";"7,62";
"24-08-2018";"7,19";"7,32";"7,38";"7,45";"7,57";"7,61";"7,62";
"23-08-2018";"7,26";"7,33";"7,38";"7,45";"7,57";"7,61";"7,62";
"22-08-2018";"7,22";"7,34";"7,38";"7,46";"7,57";"7,61";"7,62";
"21-08-2018";"7,23";"7,34";"7,38";"7,47";"7,57";"7,61";"7,61";
"20-08-2018";"7,26";"7,35";"7,39";"7,47";"7,56";"7,60";"7,60";
"17-08-2018";"7,27";"7,33";"7,38";"7,47";"7,55";"7,60";"7,60";
"16-08-2018";"7,32";"7,34";"7,38";"7,48";"7,55";"7,61";"7,61";
"15-08-2018";"7,37";"7,38";"7,40";"7,48";"7,56";"7,60";"7,60";
"14-08-2018";"7,33";"7,35";"7,39";"7,46";"7,54";"7,57";"7,57";
"13-08-2018";"7,33";"7,35";"7,39";"7,47";"7,53";"7,57";"7,56";
"10-08-2018";"7,28";"7,33";"7,38";"7,47";"7,53";"7,57";"7,57";
"09-08-2018";"7,28";"7,33";"7,37";"7,45";"7,53";"7,56";"7,56";
"08-08-2018";"7,24";"7,31";"7,36";"7,41";"7,49";"7,53";"7,53";
"07-08-2018";"7,19";"7,30";"7,34";"7,41";"7,50";"7,53";"7,53";
"06-08-2018";"7,27";"7,30";"7,34";"7,41";"7,50";"7,53";"7,53";
"03-08-2018";"7,32";"7,33";"7,36";"7,41";"7,49";"7,53";"7,53";
"02-08-2018";"7,31";"7,34";"7,37";"7,41";"7,49";"7,53";"7,53";
"01-08-2018";"7,34";"7,42";"7,39";"7,43";"7,49";"7,53";"7,53";
"31-07-2018";"7,78";"7,62";"7,49";"7,49";"7,50";"7,53";"7,53";
"30-07-2018";"7,73";"7,61";"7,47";"7,48";"7,48";"7,51";"7,50";
"27-07-2018";"7,44";"7,41";"7,40";"7,41";"7,41";"7,43";"7,39";
"26-07-2018";"7,33";"7,33";"7,36";"7,38";"7,40";"7,43";"7,39";
"25-07-2018";"7,26";"7,33";"7,36";"7,38";"7,40";"7,43";"7,39";
"24-07-2018";"7,18";"7,34";"7,36";"7,39";"7,41";"7,43";"7,39";
"23-07-2018";"7,34";"7,36";"7,37";"7,39";"7,41";"7,43";"7,39";
"20-07-2018";"7,39";"7,40";"7,38";"7,41";"7,43";"7,43";"7,41";
"19-07-2018";"7,42";"7,43";"7,42";"7,43";"7,45";"7,45";"7,41";
"18-07-2018";"7,43";"7,43";"7,43";"7,43";"7,45";"7,46";"7,41";
"17-07-2018";"7,43";"7,44";"7,43";"7,43";"7,45";"7,45";"7,41";
"16-07-2018";"7,43";"7,42";"7,40";"7,41";"7,41";"7,43";"7,41";
"13-07-2018";"7,34";"7,36";"7,36";"7,39";"7,41";"7,43";"7,41";
"12-07-2018";"7,34";"7,34";"7,33";"7,38";"7,40";"7,43";"7,40";
"11-07-2018";"7,28";"7,31";"7,32";"7,38";"7,40";"7,43";"7,40";
"10-07-2018";"7,22";"7,28";"7,32";"7,38";"7,38";"7,42";"7,38";
"09-07-2018";"7,25";"7,30";"7,33";"7,38";"7,38";"7,39";"7,37";
"06-07-2018";"7,25";"7,30";"7,33";"7,39";"7,39";"7,41";"7,38";
"05-07-2018";"7,23";"7,29";"7,32";"7,40";"7,40";"7,42";"7,38";
"04-07-2018";"7,21";"7,29";"7,30";"7,38";"7,41";"7,42";"7,38";
"03-07-2018";"7,23";"7,31";"7,34";"7,39";"7,41";"7,41";"7,38";
"02-07-2018";"7,29";"7,33";"7,37";"7,42";"7,42";"7,43";"7,39";

